shift,base_dmax,base_r,base_r_uni,lock_dmax_sq15/tau1s/snr,lock_r_sq15/tau1s/snr,lock_r_uni_sq15/tau1s/snr,lock_dmax_sq15/full/raw,lock_r_sq15/full/raw,lock_r_uni_sq15/full/raw
1920,-4.976919038216864,0.20379087489092557,0.19611540707013328,-4.947929492768105,0.05283076341181046,0.05283076341181046,-8.118093810837312,0.17095587941508864,0.17095587941508864
2981,7.38846631878575,-0.09711616499653702,-0.11318697748016499,4.723462180732564,-0.10622286362492481,-0.10498398395737922,5.15578623895261,-0.06208216706187488,-0.08290830602103756
4042,14.72748045076422,-0.2840212964413951,-0.2602043832373717,7.7855656057710725,-0.36225799944740494,-0.34096573948318737,8.72670369099049,-0.31905842308554155,-0.2894934844503678
5103,-0.8684582097303944,-0.27746322489089614,-0.28297261182223926,-1.1732930660274288,-0.3659133359748693,-0.3659133359748693,-4.521416768056608,-0.32886482305510756,-0.32886482305510756
6164,-0.342117699911493,-0.0027805047149369352,0.006070192491138877,0.03320544494949914,-0.09591420353678431,-0.09591420353678431,-0.4989099748351134,-0.05825308277980761,-0.05825308277980761
7225,1.0883896069403094,0.0372767912462066,0.053681969061179446,1.2875345627146577,-0.017501443203713305,0.007611714443339743,1.0115013117757183,0.01836739424165987,0.035290363361287415
8286,2.0082406756794926,-0.11113763156915099,-0.09088991981226463,0.4782586021262427,-0.09116055212833885,-0.09116055212833885,1.4337688491663623,0.12172599532376971,-0.06360294346397298
9347,1.4251759501317025,0.14151593347262748,0.16016611814354972,1.1741454599507442,0.1195491899636331,0.3499286425495743,0.35152019077210755,0.18915898586129362,0.18915898586129362
10408,0.03279767768543103,0.21498938206611135,0.21588058389170425,1.7324334033283637,0.29114813729759786,0.27349170754053065,0.7077337618761578,0.23303195039068642,0.21524118781535267
11469,-0.2496800885755784,0.04612235933986785,0.06839744804644744,-0.4672281507132216,0.05844863474175423,0.05844863474175423,-0.9128551732722302,0.05065694537484227,0.05065694537484227
12531,5.459773796868312,-0.0774570806169385,-0.08476868599119318,0.6894279417010326,-0.1113333196031618,-0.06467451375562482,1.0388394915013863,-0.1950459436103964,-0.10359552178063469
13592,0.5212162317741941,0.09288557807205516,0.07031880289851666,2.413033932557992,0.05953770220012064,0.04338126761083305,2.8080648689686405,0.10304051327185236,0.07692787505236713
14653,0.21500220690958183,0.3447984044341743,0.32258992742896997,0.011585577678340725,0.3374865982288863,0.3374865982288863,0.15422522920423254,0.303884065467235,0.303884065467235
15714,0.7291197600828825,0.0318546962836048,0.026093168186149297,2.840887058762124,-0.06279403202912856,0.05421758403212156,0.5136677313250918,-0.06670144812743392,0.039437770727309245
16775,1.2141953345666925,-0.05795223729248875,-0.044857349108758424,2.14746746928714,-0.15202114937943398,-0.15400134673062804,0.9523639222921364,-0.07050007891424137,-0.055864291403378764
17836,-0.5544393321571809,0.02310431316195739,0.04119007923771395,-0.6515750148978211,0.05796635470722651,0.05796635470722651,-0.881049081232563,0.01208261349721902,0.01208261349721902
18897,-0.48324612824187735,-0.04083709927971109,-0.04492915731114713,-0.15164191329302135,-0.12807320717110768,-0.12807320717110768,-0.48504842909746715,-0.09817322010056032,-0.09817322010056032
19958,9.899447531957003,-0.36747757060238373,-0.35954102179172787,9.107199392691248,-0.36998727603586645,-0.3400212971354687,5.456836243439178,-0.3705564352393705,-0.37252275156564907
21019,11.033275893072622,-0.3290286718287109,-0.3335309571178343,12.69760185329497,-0.2913245241016162,-0.2608702619711527,13.151952528096846,-0.3442803705024631,-0.3518970853939625
22080,-1.3704808082498083,0.19260293312315027,0.1683745279791454,-2.837801145268228,0.14737785255435684,0.14737785255435684,-3.1234093974065646,0.23676746963618664,0.23676746963618664
